{"cameraMode":{"drawMode":0,"name":"Shaded","section":"Shading Mode"},"sceneLighting":false,"audioPlay":false,"sceneViewState":{"showFog":true,"showMaterialUpdate":false,"showSkybox":true,"showFlares":true,"showImageEffects":true,"showParticleSystems":true},"in2DMode":false,"pivot":{"x":0.06917420029640198,"y":1.2491281032562256,"z":0.056414008140563968},"rotation":{"x":0.027536261826753618,"y":0.9709218740463257,"z":-0.1381213665008545,"w":0.19358476996421815},"size":1.5404446125030518,"orthographic":false}