{"cameraMode":{"drawMode":0,"name":"Shaded","section":"Shading Mode"},"sceneLighting":true,"audioPlay":false,"sceneViewState":{"showFog":true,"showMaterialUpdate":false,"showSkybox":true,"showFlares":true,"showImageEffects":true,"showParticleSystems":true},"in2DMode":false,"pivot":{"x":0.003913018852472305,"y":1.2381978034973145,"z":0.06941485404968262},"rotation":{"x":-0.0006173095316626132,"y":0.9917182326316834,"z":-0.0047698491252958778,"w":-0.12834247946739198},"size":0.45557183027267458,"orthographic":false}